[
  {
    "CountryName": "United States",
    "Cities": [
      {
        "CityName": "Downtown-PennQuarter-Chinatown",
        "Locations": [
          {
            "LocationName": "Capital One Arena",
            "LocationId": "372247132"
          },
          {
            "LocationName": "National Building Museum",
            "LocationId": "2222215"
          },
          {
            "LocationName": "China Town Washington, DC",
            "LocationId": "358252796"
          }
        ]
      },
      {
        "CityName": "CivicCenter",
        "Locations": [
          {
            "LocationName": "New York, New York",
            "LocationId": "212988663"
          },
          {
            "LocationName": "New York City, N.Y.",
            "LocationId": "486560663"
          },
          {
            "LocationName": "United States of America",
            "LocationId": ""
          }
        ]
      },
      {
        "CityName": "LosAngeles",
        "Locations": [
          {
            "LocationName": "Los Angeles, California",
            "LocationId": "212999109"
          },
          {
            "LocationName": "California, USA",
            "LocationId": ""
          },
          {
            "LocationName": "California, USA",
            "LocationId": ""
          }
        ]
      }
    ]
  },
  {
    "CountryName": "Brazil",
    "Cities": [
      {
        "CityName": "BelaVista",
        "Locations": [
          {
            "LocationName": "São Paulo, Brazil",
            "LocationId": ""
          },
          {
            "LocationName": "Shopping Cidade São Paulo",
            "LocationId": "254777110"
          },
          {
            "LocationName": "Bela Vista (district of São Paulo)",
            "LocationId": ""
          }
        ]
      },
      {
        "CityName": "Centro",
        "Locations": [
          {
            "LocationName": "Rio de Janeiro, Brasil",
            "LocationId": ""
          },
          {
            "LocationName": "Centro, Rio de Janeiro",
            "LocationId": "434769918"
          },
          {
            "LocationName": "Aeroporto Santos Dumont",
            "LocationId": "234310608"
          }
        ]
      },
      {
        "CityName": "SãoPaulo",
        "Locations": [
          {
            "LocationName": "São Paulo, Brazil",
            "LocationId": ""
          },
          {
            "LocationName": "São Paulo - SP",
            "LocationId": "564620900"
          },
          {
            "LocationName": "Mercado Municipal de São Paulo",
            "LocationId": ""
          }
        ]
      }
    ]
  },
  {
    "CountryName": "India",
    "Cities": [
      {
        "CityName": "IndiaGate",
        "Locations": [
          {
            "LocationName": "Delhi",
            "LocationId": "213262633"
          },
          {
            "LocationName": "India Gate",
            "LocationId": "777453674"
          },
          {
            "LocationName": "India Gate , New Delhi",
            "LocationId": "243604947"
          }
        ]
      },
      {
        "CityName": "FortArea",
        "Locations": [
          {
            "LocationName": "Mumbai",
            "LocationId": ""
          },
          {
            "LocationName": "CSMT, Mumbai",
            "LocationId": ""
          },
          {
            "LocationName": "Chhatrapati Shivaji Terminus railway station",
            "LocationId": "234822678"
          }
        ]
      },
      {
        "CityName": "Kolkata",
        "Locations": [
          {
            "LocationName": "Kolkata",
            "LocationId": ""
          },
          {
            "LocationName": "𝒦𝑜𝓁𝓀𝒶𝓉𝒶 - 𝒯𝒽𝑒 𝒞𝒾𝓉𝓎 𝒪𝒻𝒥𝑜𝓎",
            "LocationId": ""
          },
          {
            "LocationName": "West Bengal",
            "LocationId": "252533983"
          }
        ]
      }
    ]
  },
  {
    "CountryName": "Indonesia",
    "Cities": [
      {
        "CityName": "Batavia",
        "Locations": [
          {
            "LocationName": "Masjid Istiqlal Jakarta",
            "LocationId": ""
          },
          {
            "LocationName": "Tugu Monumen Nasional(MONAS),Jakarta Pusat.",
            "LocationId": "247832369"
          },
          {
            "LocationName": "Istiqlal Mosque, Jakarta",
            "LocationId": "153734602"
          }
        ]
      },
      {
        "CityName": "Batam",
        "Locations": [
          {
            "LocationName": "Batam, Riau, Indonesia",
            "LocationId": "216034109"
          },
          {
            "LocationName": "Batam Island,Kepulauan Riau - Indonesia",
            "LocationId": "947028377"
          },
          {
            "LocationName": "Alun2 engku putri Batam center",
            "LocationId": "225694839"
          }
        ]
      },
      {
        "CityName": "Makassar",
        "Locations": [
          {
            "LocationName": "Makassar",
            "LocationId": "49296287"
          },
          {
            "LocationName": "Makassar, Sulawesi, Indonesia",
            "LocationId": ""
          },
          {
            "LocationName": "Pantai Losari, Makassar - Sulawesi Selatan",
            "LocationId": "909511795"
          }
        ]
      }
    ]
  },
  {
    "CountryName": "United Kingdom",
    "Cities": [
      {
        "CityName": "Strand,London",
        "Locations": [
          {
            "LocationName": "London, England, UK",
            "LocationId": "217602307"
          },
          {
            "LocationName": "England, UK",
            "LocationId": ""
          },
          {
            "LocationName": "London",
            "LocationId": ""
          }
        ]
      },
      {
        "CityName": "Fitzrovia",
        "Locations": [
          {
            "LocationName": "Oxford Street",
            "LocationId": "213591862"
          },
          {
            "LocationName": "Selfridges",
            "LocationId": ""
          },
          {
            "LocationName": "Fuerteventura",
            "LocationId": "235766341"
          }
        ]
      },
      {
        "CityName": "Birmingham",
        "Locations": [
          {
            "LocationName": "Birmingham, United Kingdom",
            "LocationId": "213793108"
          },
          {
            "LocationName": "Birmingham city centre",
            "LocationId": "222052233"
          },
          {
            "LocationName": "Bullring & Grand Central Birmingham",
            "LocationId": ""
          }
        ]
      }
    ]
  },
  {
    "CountryName": "Thailand",
    "Cities": [
      {
        "CityName": "Bangkok",
        "Locations": [
          {
            "LocationName": "Bangkok, Thailand",
            "LocationId": ""
          },
          {
            "LocationName": "Bangkok Thailand",
            "LocationId": ""
          },
          {
            "LocationName": "Bangkok, Thailand",
            "LocationId": ""
          }
        ]
      },
      {
        "CityName": "PhraNakhon",
        "Locations": [
          {
            "LocationName": "Khao San Road",
            "LocationId": "296668625"
          },
          {
            "LocationName": "ถนนข้าวสาร khaosan road",
            "LocationId": ""
          },
          {
            "LocationName": "มนต์ นมสด | Mont Nomsod",
            "LocationId": "563804"
          }
        ]
      },
      {
        "CityName": "BangKapi",
        "Locations": [
          {
            "LocationName": "The Mall Lifestore Bangkapi เดอะมอลล์ไลฟ์สโตร์ บางกะปิ",
            "LocationId": "45555926"
          },
          {
            "LocationName": "Ramkhamhaeng University",
            "LocationId": "213103250"
          },
          {
            "LocationName": "Rajamangala Stadium",
            "LocationId": "213076072"
          }
        ]
      }
    ]
  },
  {
    "CountryName": "Mexico",
    "Cities": [
      {
        "CityName": "MexicoCity",
        "Locations": [
          {
            "LocationName": "Mexico City, Mexico",
            "LocationId": "213270076"
          },
          {
            "LocationName": "México",
            "LocationId": ""
          },
          {
            "LocationName": "Zócalo, Centro Histórico CDMX",
            "LocationId": ""
          }
        ]
      },
      {
        "CityName": "Centro",
        "Locations": [
          {
            "LocationName": "Ciudad de México",
            "LocationId": "741054552"
          },
          {
            "LocationName": "En Algún Lugar Del Mundo",
            "LocationId": "1027497573"
          },
          {
            "LocationName": "Zócalo de la Ciudad de México",
            "LocationId": "1026929385"
          }
        ]
      },
      {
        "CityName": "Centro",
        "Locations": [
          {
            "LocationName": "Parque Rehilete Alcalde",
            "LocationId": "6811932"
          },
          {
            "LocationName": "Centro, Guadalajara",
            "LocationId": ""
          },
          {
            "LocationName": "Fiestas De Octubre Auditorio Benito Juárez Eventos 2018",
            "LocationId": ""
          }
        ]
      }
    ]
  },
  {
    "CountryName": "Germany",
    "Cities": [
      {
        "CityName": "Düsseldorf",
        "Locations": [
          {
            "LocationName": "Düsseldorf, Germany",
            "LocationId": "214512512"
          },
          {
            "LocationName": "Königsallee Düsseldorf",
            "LocationId": "33004"
          },
          {
            "LocationName": "Düsseldorfer Rheinuferpromenade",
            "LocationId": "29698680"
          }
        ]
      },
      {
        "CityName": "Frankfurt",
        "Locations": [
          {
            "LocationName": "Frankfurt, Germany",
            "LocationId": "72783909"
          },
          {
            "LocationName": "Frankfurt",
            "LocationId": "213199231"
          },
          {
            "LocationName": "Frankfurt am Main",
            "LocationId": "215814093"
          }
        ]
      },
      {
        "CityName": "Nuremberg",
        "Locations": [
          {
            "LocationName": "Nuremberg",
            "LocationId": "17568473"
          },
          {
            "LocationName": "Nürnberg, Germany",
            "LocationId": "497226373"
          },
          {
            "LocationName": "Nürnberg",
            "LocationId": ""
          }
        ]
      }
    ]
  },
  {
    "CountryName": "France",
    "Cities": [
      {
        "CityName": "1erArrondissementParis",
        "Locations": [
          {
            "LocationName": "Musée du Louvre",
            "LocationId": "683630"
          },
          {
            "LocationName": "Museo del Louvre",
            "LocationId": "236217619"
          },
          {
            "LocationName": "Pyramide du Louvre",
            "LocationId": "9584"
          }
        ]
      },
      {
        "CityName": "8èmeArrondissementParis",
        "Locations": [
          {
            "LocationName": "Arc de Triomphe",
            "LocationId": "225153644"
          },
          {
            "LocationName": "Arc de Triomphe",
            "LocationId": "34181412"
          },
          {
            "LocationName": "Arch Of Triumph Paris France",
            "LocationId": "217341779"
          }
        ]
      },
      {
        "CityName": "9èmeArrondissementParis",
        "Locations": [
          {
            "LocationName": "Paris",
            "LocationId": ""
          },
          {
            "LocationName": "Opéra Garnier",
            "LocationId": "236625674"
          },
          {
            "LocationName": "Galeries Lafayette",
            "LocationId": ""
          }
        ]
      }
    ]
  },
  {
    "CountryName": "Japan",
    "Cities": [
      {
        "CityName": "Sapporo-shi",
        "Locations": [
          {
            "LocationName": "Sapporo-shi, Hokkaido, Japan",
            "LocationId": "219078473"
          },
          {
            "LocationName": "Sapporo",
            "LocationId": "235447538"
          },
          {
            "LocationName": "Hokkaido Japan",
            "LocationId": ""
          }
        ]
      },
      {
        "CityName": "Ginza",
        "Locations": [
          {
            "LocationName": "Ginza, Tokyo, Japan",
            "LocationId": "214920958"
          },
          {
            "LocationName": "銀座 - Ginza ,Tokyo",
            "LocationId": "860970313"
          },
          {
            "LocationName": "GINZA SIX",
            "LocationId": ""
          }
        ]
      },
      {
        "CityName": "Kabukicho",
        "Locations": [
          {
            "LocationName": "Japan",
            "LocationId": ""
          },
          {
            "LocationName": "歌舞伎町",
            "LocationId": ""
          },
          {
            "LocationName": "Tokyo Shinjuku",
            "LocationId": "241173649"
          }
        ]
      }
    ]
  },
  {
    "CountryName": "Vietnam",
    "Cities": [
      {
        "CityName": "HuuTied",
        "Locations": [
          {
            "LocationName": "Temple of Literature, Hanoi",
            "LocationId": ""
          },
          {
            "LocationName": "Temple Of Literature, Hanoi, Vietnam",
            "LocationId": "669320600"
          },
          {
            "LocationName": "Bảo tàng Mỹ thuật Việt Nam",
            "LocationId": "523590081"
          }
        ]
      },
      {
        "CityName": "XómPho",
        "Locations": [
          {
            "LocationName": "France",
            "LocationId": ""
          },
          {
            "LocationName": "Hanoi, Vietnam",
            "LocationId": ""
          },
          {
            "LocationName": "Độc Thân",
            "LocationId": ""
          }
        ]
      },
      {
        "CityName": "HoChiMinhCity",
        "Locations": [
          {
            "LocationName": "Ho Chi Minh City, Vietnam",
            "LocationId": ""
          },
          {
            "LocationName": "Saigon, Vietnam",
            "LocationId": "661622678"
          },
          {
            "LocationName": "𝐂𝐡𝐚𝐦𝐩𝐢𝐨𝐧",
            "LocationId": ""
          }
        ]
      }
    ]
  },
  {
    "CountryName": "Italy",
    "Cities": [
      {
        "CityName": "Rome",
        "Locations": [
          {
            "LocationName": "Rome, Italy",
            "LocationId": "31499759"
          },
          {
            "LocationName": "Roma, Italia / Rome, Italy",
            "LocationId": "339987145"
          },
          {
            "LocationName": "ROMA - città eterna",
            "LocationId": "213860848"
          }
        ]
      },
      {
        "CityName": "Palermo",
        "Locations": [
          {
            "LocationName": "Palermo, Italy",
            "LocationId": "213928996"
          },
          {
            "LocationName": "Teatro Massimo Palermo",
            "LocationId": "213863500"
          },
          {
            "LocationName": "Palermo - Sicily - Italia",
            "LocationId": "238817498"
          }
        ]
      },
      {
        "CityName": "CampoMarzio",
        "Locations": [
          {
            "LocationName": "Pantheon",
            "LocationId": "45749"
          },
          {
            "LocationName": "Rome, Italy",
            "LocationId": "264605536"
          },
          {
            "LocationName": "Roma, Italia",
            "LocationId": ""
          }
        ]
      }
    ]
  },
  {
    "CountryName": "Turkey",
    "Cities": [
      {
        "CityName": "Şişli",
        "Locations": [
          {
            "LocationName": "Türkiye",
            "LocationId": ""
          },
          {
            "LocationName": "Cevahir Alışveriş Merkezi",
            "LocationId": "227132139"
          },
          {
            "LocationName": "Hilton Istanbul Bomonti Hotel & Conference Center",
            "LocationId": "29388142"
          }
        ]
      },
      {
        "CityName": "Eskisehir",
        "Locations": [
          {
            "LocationName": "Eskisehir, Turkey",
            "LocationId": "214984196"
          },
          {
            "LocationName": "Eskişehir Province",
            "LocationId": ""
          },
          {
            "LocationName": "Kanlı Kavak Parkı",
            "LocationId": "13249266"
          }
        ]
      },
      {
        "CityName": "Meram",
        "Locations": [
          {
            "LocationName": "Meram, Konya",
            "LocationId": "218094861"
          },
          {
            "LocationName": "Konya Mevlana Türbesi",
            "LocationId": "359346997"
          },
          {
            "LocationName": "Kulesite AVM",
            "LocationId": "325172"
          }
        ]
      }
    ]
  },
  {
    "CountryName": "Canada",
    "Cities": [
      {
        "CityName": "Toronto",
        "Locations": [
          {
            "LocationName": "Toronto, Ontario",
            "LocationId": "212991559"
          },
          {
            "LocationName": "Queen Street West",
            "LocationId": "258561"
          },
          {
            "LocationName": "Downtown Toronto",
            "LocationId": ""
          }
        ]
      },
      {
        "CityName": "Vancouver",
        "Locations": [
          {
            "LocationName": "Vancouver, British Columbia",
            "LocationId": "213819997"
          },
          {
            "LocationName": "Canada Place",
            "LocationId": "182966"
          },
          {
            "LocationName": "Canada Vancouver",
            "LocationId": "266166493"
          }
        ]
      },
      {
        "CityName": "DowntownVancouver",
        "Locations": [
          {
            "LocationName": "Downtown Vancouver",
            "LocationId": "775899462"
          },
          {
            "LocationName": "Rogers Arena",
            "LocationId": "29060"
          },
          {
            "LocationName": "BC Place",
            "LocationId": "1692"
          }
        ]
      }
    ]
  },
  {
    "CountryName": "Australia",
    "Cities": [
      {
        "CityName": "Melbourne",
        "Locations": [
          {
            "LocationName": "Melbourne, Victoria, Australia",
            "LocationId": "213069300"
          },
          {
            "LocationName": "City of Melbourne",
            "LocationId": "481504523"
          },
          {
            "LocationName": "Hosier Lane Street Art",
            "LocationId": "608547534"
          }
        ]
      },
      {
        "CityName": "Sydney",
        "Locations": [
          {
            "LocationName": "Sydney, Australia",
            "LocationId": "213011753"
          },
          {
            "LocationName": "Sydney, Australia",
            "LocationId": ""
          },
          {
            "LocationName": "Sydney Tower Eye",
            "LocationId": "288645"
          }
        ]
      },
      {
        "CityName": "Adelaide",
        "Locations": [
          {
            "LocationName": "Adelaide, South Australia",
            "LocationId": "214262204"
          },
          {
            "LocationName": "Rundle Mall",
            "LocationId": "214150491"
          },
          {
            "LocationName": "Art Gallery of South Australia",
            "LocationId": "160461"
          }
        ]
      }
    ]
  },
  {
    "CountryName": "Spain",
    "Cities": [
      {
        "CityName": "Málaga",
        "Locations": [
          {
            "LocationName": "Málaga, Spain",
            "LocationId": "215351224"
          },
          {
            "LocationName": "Málaga, Costa del Sol",
            "LocationId": ""
          },
          {
            "LocationName": "Málaga, España",
            "LocationId": ""
          }
        ]
      },
      {
        "CityName": "PalmadeMallorca",
        "Locations": [
          {
            "LocationName": "Palma De Mallorca, Spain",
            "LocationId": "15166261"
          },
          {
            "LocationName": "Catedral de Mallorca",
            "LocationId": "213077623"
          },
          {
            "LocationName": "Palma De Mallorca, Spain",
            "LocationId": "886150121"
          }
        ]
      },
      {
        "CityName": "Valence",
        "Locations": [
          {
            "LocationName": "Valencia, España",
            "LocationId": ""
          },
          {
            "LocationName": "Valence, Valenciana, Spain",
            "LocationId": "235287523"
          },
          {
            "LocationName": "Valencia, Spain",
            "LocationId": "442131488"
          }
        ]
      }
    ]
  },
  {
    "CountryName": "Philippines",
    "Cities": [
      {
        "CityName": "DonaFaustinaVillage",
        "Locations": [
          {
            "LocationName": "Zoom",
            "LocationId": ""
          },
          {
            "LocationName": "Philand Dr, Tandang Sora",
            "LocationId": "234896235"
          },
          {
            "LocationName": "Negros Occidental",
            "LocationId": "244840890"
          }
        ]
      },
      {
        "CityName": "1-A",
        "Locations": [
          {
            "LocationName": "Sa Lugar Nga Wala Ka",
            "LocationId": ""
          },
          {
            "LocationName": "San Pedro Cathedral Church",
            "LocationId": "703116988"
          },
          {
            "LocationName": "San Pedro Davao City",
            "LocationId": ""
          }
        ]
      },
      {
        "CityName": "Sagad",
        "Locations": [
          {
            "LocationName": "SM Megamall",
            "LocationId": "18032082"
          },
          {
            "LocationName": "Edsa Shangri-La, Manila",
            "LocationId": "264505594"
          },
          {
            "LocationName": "The Podium",
            "LocationId": "285400257"
          }
        ]
      }
    ]
  },
  {
    "CountryName": "South Korea",
    "Cities": [
      {
        "CityName": "Busan",
        "Locations": [
          {
            "LocationName": "Busan, South Korea",
            "LocationId": "287620626"
          },
          {
            "LocationName": "Busan 釜山, South Korea",
            "LocationId": "250555046"
          },
          {
            "LocationName": "광안리해수욕장 GwangalliBeach, Busan, Korea 廣安里海水浴場",
            "LocationId": "889874678"
          }
        ]
      },
      {
        "CityName": "Daegu",
        "Locations": [
          {
            "LocationName": "Daegu, South Korea",
            "LocationId": ""
          },
          {
            "LocationName": "Daegu",
            "LocationId": "6650643"
          },
          {
            "LocationName": "수성못 (Suseong Lake)",
            "LocationId": ""
          }
        ]
      },
      {
        "CityName": "Seoul",
        "Locations": [
          {
            "LocationName": "Seoul, Korea",
            "LocationId": "213094191"
          },
          {
            "LocationName": "Cheongdam-dong",
            "LocationId": "3206066"
          },
          {
            "LocationName": "반포 한강 공원",
            "LocationId": "244263804"
          }
        ]
      }
    ]
  },
  {
    "CountryName": "Taiwan",
    "Cities": [
      {
        "CityName": "Chungshan",
        "Locations": [
          {
            "LocationName": "Regent Taipei 晶華酒店",
            "LocationId": "213061122"
          },
          {
            "LocationName": "台灣高鐵台北站 THSR Taipei Station",
            "LocationId": "10175016"
          },
          {
            "LocationName": "台北火車站 Taipei Main Station",
            "LocationId": ""
          }
        ]
      },
      {
        "CityName": "SinyiDistrict,Taipei",
        "Locations": [
          {
            "LocationName": "信義區商圈",
            "LocationId": "213689724"
          },
          {
            "LocationName": "新光三越台北信義新天地 A11",
            "LocationId": "664388400"
          },
          {
            "LocationName": "W Taipei",
            "LocationId": "39089"
          }
        ]
      },
      {
        "CityName": "Tingtungshih",
        "Locations": [
          {
            "LocationName": "台北小巨蛋 Taipei Arena",
            "LocationId": ""
          },
          {
            "LocationName": "台北小巨蛋 Taipei Arena Mrt Station",
            "LocationId": ""
          },
          {
            "LocationName": "Mandarin Oriental, Taipei 台北文華東方酒店",
            "LocationId": "276412657"
          }
        ]
      }
    ]
  },
  {
    "CountryName": "Malaysia",
    "Cities": [
      {
        "CityName": "KualaLumpur",
        "Locations": [
          {
            "LocationName": "Kuala Lumpur, Malaysia",
            "LocationId": "31503043"
          },
          {
            "LocationName": "Suria KLCC",
            "LocationId": "1259061"
          },
          {
            "LocationName": "PETRONAS Twin Towers",
            "LocationId": "265199174"
          }
        ]
      },
      {
        "CityName": "KampongBaharu",
        "Locations": [
          {
            "LocationName": "Kuala Lumpur",
            "LocationId": "607036219"
          },
          {
            "LocationName": "Taman Tasik Titiwangsa, Kuala Lumpur",
            "LocationId": ""
          },
          {
            "LocationName": "Burj Khalifa, Dubai",
            "LocationId": "425807594"
          }
        ]
      },
      {
        "CityName": "PetalingJaya",
        "Locations": [
          {
            "LocationName": "Petaling Jaya, Malaysia",
            "LocationId": "216929236"
          },
          {
            "LocationName": "1 Utama Shopping Centre",
            "LocationId": "917949610"
          },
          {
            "LocationName": "The Curve, Mutiara Damansara",
            "LocationId": "943013627"
          }
        ]
      }
    ]
  },
  {
    "CountryName": "Russia",
    "Cities": [
      {
        "CityName": "Moscow",
        "Locations": [
          {
            "LocationName": "Moscow, Russia",
            "LocationId": "17326249"
          },
          {
            "LocationName": "Moscow",
            "LocationId": "359545221"
          },
          {
            "LocationName": "Москва • Moscow",
            "LocationId": ""
          }
        ]
      },
      {
        "CityName": "NovayaGollandia",
        "Locations": [
          {
            "LocationName": "Russia, Saint-Petersburg",
            "LocationId": ""
          },
          {
            "LocationName": "Севкабель Порт / Sevkabel Port",
            "LocationId": ""
          },
          {
            "LocationName": "Saint Isaac's Cathedral",
            "LocationId": "213357299"
          }
        ]
      },
      {
        "CityName": "SaintPetersburg",
        "Locations": [
          {
            "LocationName": "Saint Petersburg, Russia",
            "LocationId": "213174824"
          },
          {
            "LocationName": "Kazan Cathedral, Saint Petersburg",
            "LocationId": "222355069"
          },
          {
            "LocationName": "Nevsky Prospect",
            "LocationId": "214366471"
          }
        ]
      }
    ]
  },
  {
    "CountryName": "South Africa",
    "Cities": [
      {
        "CityName": "AmaotiCuba",
        "Locations": [
          {
            "LocationName": "Inanda Amaoti..",
            "LocationId": "522240591"
          },
          {
            "LocationName": "DREAM BIG",
            "LocationId": ""
          },
          {
            "LocationName": "Trukadero by CityBowl",
            "LocationId": ""
          }
        ]
      },
      {
        "CityName": "Johannesburg",
        "Locations": [
          {
            "LocationName": "Johannesburg",
            "LocationId": "3418092"
          },
          {
            "LocationName": "Johannesburg, Gauteng",
            "LocationId": "214345561"
          },
          {
            "LocationName": "Somewhere In the Sky",
            "LocationId": ""
          }
        ]
      },
      {
        "CityName": "CapeTown",
        "Locations": [
          {
            "LocationName": "Cape Town, Western Cape",
            "LocationId": "215871574"
          },
          {
            "LocationName": "Cape Town, Western Province, South Africa",
            "LocationId": ""
          },
          {
            "LocationName": "Africa",
            "LocationId": ""
          }
        ]
      }
    ]
  },
  {
    "CountryName": "Argentina",
    "Cities": [
      {
        "CityName": "Monserrat",
        "Locations": [
          {
            "LocationName": "Buenos Aires, Argentina",
            "LocationId": ""
          },
          {
            "LocationName": "Greater Buenos Aires",
            "LocationId": "771629969"
          },
          {
            "LocationName": "Plaza de Mayo",
            "LocationId": "242179136"
          }
        ]
      },
      {
        "CityName": "MardelPlata",
        "Locations": [
          {
            "LocationName": "Mar del Plata, Argentina",
            "LocationId": "214569249"
          },
          {
            "LocationName": "Mar del Plata, Argentina",
            "LocationId": "213486729"
          },
          {
            "LocationName": "La Feliz (MDQ)",
            "LocationId": "341756519"
          }
        ]
      },
      {
        "CityName": "Argentina",
        "Locations": [
          {
            "LocationName": "Argentina, Santiago del Estero",
            "LocationId": "767423668"
          },
          {
            "LocationName": "BrewHouse Nuñez",
            "LocationId": ""
          },
          {
            "LocationName": "Fm Horizonte 963",
            "LocationId": ""
          }
        ]
      }
    ]
  },
  {
    "CountryName": "Colombia",
    "Cities": [
      {
        "CityName": "Colombia",
        "Locations": [
          {
            "LocationName": "Centro Comercial Andino",
            "LocationId": "213793824"
          },
          {
            "LocationName": "Colombia",
            "LocationId": ""
          },
          {
            "LocationName": "Rose Pastry Shop",
            "LocationId": ""
          }
        ]
      },
      {
        "CityName": "Colombia",
        "Locations": [
          {
            "LocationName": "Colombia, Huila",
            "LocationId": "372227998"
          },
          {
            "LocationName": "Amistad",
            "LocationId": ""
          },
          {
            "LocationName": "Municipio de Colombia, Huila",
            "LocationId": "296733528"
          }
        ]
      },
      {
        "CityName": "Colombia",
        "Locations": [
          {
            "LocationName": "Mercado Del Río",
            "LocationId": ""
          },
          {
            "LocationName": "Centro Comercial Premium Plaza",
            "LocationId": "944280879"
          },
          {
            "LocationName": "Colombia, Antioquia",
            "LocationId": ""
          }
        ]
      }
    ]
  },
  {
    "CountryName": "Sweden",
    "Cities": [
      {
        "CityName": "Riddarshomen",
        "Locations": [
          {
            "LocationName": "Kungsträdgården",
            "LocationId": "216350019"
          },
          {
            "LocationName": "Sweden stockholm",
            "LocationId": ""
          },
          {
            "LocationName": "Berns",
            "LocationId": "55060"
          }
        ]
      },
      {
        "CityName": "Södermalm",
        "Locations": [
          {
            "LocationName": "Södermalm",
            "LocationId": "786341101"
          },
          {
            "LocationName": "Södermalm, Stockholm, Sweden",
            "LocationId": "224241377"
          },
          {
            "LocationName": "Trädgården",
            "LocationId": "203275"
          }
        ]
      },
      {
        "CityName": "SödraFörstaden",
        "Locations": [
          {
            "LocationName": "Malmö, Sweeden",
            "LocationId": "727555142"
          },
          {
            "LocationName": "Lilla torg, Malmö",
            "LocationId": ""
          },
          {
            "LocationName": "Clarion Hotel Malmö Live",
            "LocationId": "262927662"
          }
        ]
      }
    ]
  },
  {
    "CountryName": "Peru",
    "Cities": [
      {
        "CityName": "LeoncioPrado",
        "Locations": [
          {
            "LocationName": "Distrito de Mi Perú",
            "LocationId": "1016877632"
          },
          {
            "LocationName": "Ancon Beach",
            "LocationId": "603984773"
          },
          {
            "LocationName": "Ica - Huacachina",
            "LocationId": "962844751"
          }
        ]
      },
      {
        "CityName": "Lima",
        "Locations": [
          {
            "LocationName": "Lima, Peru",
            "LocationId": "220021938"
          },
          {
            "LocationName": "Lima, Perú",
            "LocationId": ""
          },
          {
            "LocationName": "Perú",
            "LocationId": ""
          }
        ]
      },
      {
        "CityName": "Miraflores,Lima",
        "Locations": [
          {
            "LocationName": "Miraflores, Lima",
            "LocationId": "892647011"
          },
          {
            "LocationName": "Miraflores, Lima, Perú",
            "LocationId": ""
          },
          {
            "LocationName": "Malecon Cisneros Miraflores",
            "LocationId": "61047499"
          }
        ]
      }
    ]
  },
  {
    "CountryName": "Netherlands",
    "Cities": [
      {
        "CityName": "Philippine",
        "Locations": [
          {
            "LocationName": "New World Manila Bay Hotel",
            "LocationId": "400916"
          },
          {
            "LocationName": "Philippine, Zeeland, Netherlands",
            "LocationId": "270583324"
          },
          {
            "LocationName": "Auberge Des Moules",
            "LocationId": "737260330"
          }
        ]
      },
      {
        "CityName": "DePlantage",
        "Locations": [
          {
            "LocationName": "Hortus Botanicus Amsterdam",
            "LocationId": "940295"
          },
          {
            "LocationName": "Holland, Amsterdam, the Netherlands",
            "LocationId": "1023192227"
          },
          {
            "LocationName": "ARTIS",
            "LocationId": ""
          }
        ]
      },
      {
        "CityName": "Utrecht",
        "Locations": [
          {
            "LocationName": "Utrecht",
            "LocationId": "215090458"
          },
          {
            "LocationName": "TivoliVredenburg",
            "LocationId": "219895028"
          },
          {
            "LocationName": "Utrecht City Centre",
            "LocationId": "479188708"
          }
        ]
      }
    ]
  },
  {
    "CountryName": "Bangladesh",
    "Cities": [
      {
        "CityName": "Dacca",
        "Locations": [
          {
            "LocationName": "Love you forever",
            "LocationId": ""
          },
          {
            "LocationName": "ইয়াদ ট্রেডিং- Yead Trading",
            "LocationId": ""
          },
          {
            "LocationName": "FB Lock Unlock Center",
            "LocationId": ""
          }
        ]
      },
      {
        "CityName": "Chittagong",
        "Locations": [
          {
            "LocationName": "Chittagong",
            "LocationId": "244280022"
          },
          {
            "LocationName": "Chittagong City - চট্টগ্রাম শহর",
            "LocationId": ""
          },
          {
            "LocationName": "Ｈｅａｒｔ　Ｂｅａｔ",
            "LocationId": ""
          }
        ]
      },
      {
        "CityName": "Sylhet",
        "Locations": [
          {
            "LocationName": "Sylhet",
            "LocationId": "319906829"
          },
          {
            "LocationName": "সাদা পাথর-ভোলাগঞ্জ, সিলেট -ShadaPathor",
            "LocationId": ""
          },
          {
            "LocationName": "Sylhet City - সিলেট শহর",
            "LocationId": ""
          }
        ]
      }
    ]
  },
  {
    "CountryName": "Chile",
    "Cities": [
      {
        "CityName": "Independencia",
        "Locations": [
          {
            "LocationName": "Santiago Metropolitan Region",
            "LocationId": "427386520"
          },
          {
            "LocationName": "Branya Antonella Tepes Mlekuz",
            "LocationId": ""
          },
          {
            "LocationName": "Barrio Lastarria",
            "LocationId": "567106"
          }
        ]
      },
      {
        "CityName": "Providencia",
        "Locations": [
          {
            "LocationName": "Providencia, Chile",
            "LocationId": "216080488"
          },
          {
            "LocationName": "Providencia, Santiago De Chile",
            "LocationId": ""
          },
          {
            "LocationName": "Mall Costanera Center",
            "LocationId": ""
          }
        ]
      },
      {
        "CityName": "CiudadSantiago",
        "Locations": [
          {
            "LocationName": "Movistar Arena",
            "LocationId": "941945094"
          },
          {
            "LocationName": "Parque de Diversiones Fantasilandia",
            "LocationId": "212946252"
          },
          {
            "LocationName": "Teatro Caupolicán",
            "LocationId": "308670"
          }
        ]
      }
    ]
  }, 
  {
    "CountryName": "Poland",
    "Cities": [
      {
        "CityName": "Srodmiescie",
        "Locations": [
          {
            "LocationName": "Warszawa",
            "LocationId": ""
          },
          {
            "LocationName": "Warszawa Center",
            "LocationId": "226000583"
          },
          {
            "LocationName": "Pałac Kultury i Nauki Warszawa",
            "LocationId": "181923"
          }
        ]
      },
      {
        "CityName": "Wroclaw",
        "Locations": [
          {
            "LocationName": "Wroclaw, Poland",
            "LocationId": "215768966"
          },
          {
            "LocationName": "Wroclaw [Wroclove]",
            "LocationId": "579405061"
          },
          {
            "LocationName": "Wrocław",
            "LocationId": ""
          }
        ]
      },
      {
        "CityName": "Kraków",
        "Locations": [
          {
            "LocationName": "Kraków, Poland",
            "LocationId": "213832057"
          },
          {
            "LocationName": "Kraków Old Town",
            "LocationId": "360528566"
          },
          {
            "LocationName": "Kraków",
            "LocationId": ""
          }
        ]
      }
    ]
  },
  {
    "CountryName": "Ukraine",
    "Cities": [
      {
        "CityName": "Kyiv",
        "Locations": [
          {
            "LocationName": "Kyiv, Ukraine",
            "LocationId": "212898659"
          },
          {
            "LocationName": "Kiev",
            "LocationId": "13640165"
          },
          {
            "LocationName": "Киев мой любимый - Kiev, Ukraine",
            "LocationId": "339616700"
          }
        ]
      },
      {
        "CityName": "Odessa",
        "Locations": [
          {
            "LocationName": "Odessa, Ukraine",
            "LocationId": "217478883"
          },
          {
            "LocationName": "Там, где всегда хорошо)))",
            "LocationId": ""
          },
          {
            "LocationName": "Одеса, Україна",
            "LocationId": ""
          }
        ]
      },
      {
        "CityName": "Kharkiv",
        "Locations": [
          {
            "LocationName": "Kharkov, Ukraine",
            "LocationId": "217912000"
          },
          {
            "LocationName": "Харків, Україна",
            "LocationId": ""
          },
          {
            "LocationName": "Харків • Kharkiv • Харьков",
            "LocationId": ""
          }
        ]
      }
    ]
  },
  {
    "CountryName": "Egypt",
    "Cities": [
      {
        "CityName": "ElDwaween",
        "Locations": [
          {
            "LocationName": "Memo bags",
            "LocationId": ""
          },
          {
            "LocationName": "MacDonald",
            "LocationId": "251375716"
          },
          {
            "LocationName": "Tahrir Square",
            "LocationId": "220750266"
          }
        ]
      },
      {
        "CityName": "ElAzaritaAndElShatby",
        "Locations": [
          {
            "LocationName": "Bibliotheca Alexandrina - مكتبة الاسكندرية",
            "LocationId": ""
          },
          {
            "LocationName": "PubG WORLD",
            "LocationId": ""
          },
          {
            "LocationName": "Library of Alexandria",
            "LocationId": "1021742044"
          }
        ]
      },
      {
        "CityName": "Giza",
        "Locations": [
          {
            "LocationName": "Gizah",
            "LocationId": "237119414"
          },
          {
            "LocationName": "Giza",
            "LocationId": "749092482"
          },
          {
            "LocationName": "الزمالك",
            "LocationId": ""
          }
        ]
      }
    ]
  },
  {
    "CountryName": "Pakistan",
    "Cities": [
      {
        "CityName": "GothKhandoGado",
        "Locations": [
          {
            "LocationName": "North Nazimabad Town",
            "LocationId": "240832344"
          },
          {
            "LocationName": "North Nazimabad",
            "LocationId": "499970002"
          },
          {
            "LocationName": "Hyderi North Nazimabad Karachi",
            "LocationId": "278675141"
          }
        ]
      },
      {
        "CityName": "Samanabad",
        "Locations": [
          {
            "LocationName": "Naran Kaghan Vallay",
            "LocationId": ""
          },
          {
            "LocationName": "Peace of Mind",
            "LocationId": ""
          },
          {
            "LocationName": "Bahria Town",
            "LocationId": "366027254"
          }
        ]
      },
      {
        "CityName": "Karachi",
        "Locations": [
          {
            "LocationName": "Karachi, Pakistan",
            "LocationId": "224526487"
          },
          {
            "LocationName": "ᴀᴘɴɪ ᴅᴜɴɪʏᴀ ᴍᴇ",
            "LocationId": ""
          },
          {
            "LocationName": "Bahria Town Karachi",
            "LocationId": ""
          }
        ]
      }
    ]
  },
  {
    "CountryName": "Israel",
    "Cities": [
      {
        "CityName": "Sumayl",
        "Locations": [
          {
            "LocationName": "נמל ת״א - Namal Tel Aviv",
            "LocationId": "214155187"
          },
          {
            "LocationName": "Tel Aviv City",
            "LocationId": ""
          },
          {
            "LocationName": "Shalvata - שלוותה",
            "LocationId": "772540590"
          }
        ]
      },
      {
        "CityName": "Berséba",
        "Locations": [
          {
            "LocationName": "Beersheba, Israel",
            "LocationId": "359217521"
          },
          {
            "LocationName": "פורום ישראל",
            "LocationId": "222388567"
          },
          {
            "LocationName": "Beer Sheva",
            "LocationId": "741111461"
          }
        ]
      },
      {
        "CityName": "Jerusalem",
        "Locations": [
          {
            "LocationName": "Jerusalem, Israel",
            "LocationId": "213742495"
          },
          {
            "LocationName": "שוק מחנה יהודה ירושלים",
            "LocationId": ""
          },
          {
            "LocationName": "Mahane Yehuda Market",
            "LocationId": "252010741"
          }
        ]
      }
    ]
  },
  {
    "CountryName": "Nigeria",
    "Cities": [
      {
        "CityName": "Logos",
        "Locations": [
          {
            "LocationName": "Lagos, Nigeria",
            "LocationId": ""
          },
          {
            "LocationName": "Lagos Island",
            "LocationId": "234848548"
          },
          {
            "LocationName": "Ikeja Lagos",
            "LocationId": ""
          }
        ]
      },
      {
        "CityName": "WuseI",
        "Locations": [
          {
            "LocationName": "Kubwa Abuja",
            "LocationId": "1026788860"
          },
          {
            "LocationName": "F.C.T.",
            "LocationId": "224849156"
          },
          {
            "LocationName": "Wuse Zone3 Abuja",
            "LocationId": ""
          }
        ]
      },
      {
        "CityName": "Oginigba",
        "Locations": [
          {
            "LocationName": "Trans Amadi, Port Harcourt",
            "LocationId": "749078701"
          },
          {
            "LocationName": "SPAR, PortHarcourt Mall, Azikiwe Road.",
            "LocationId": "346314629"
          },
          {
            "LocationName": "Oginigba, Port Harcourt",
            "LocationId": ""
          }
        ]
      }
    ]
  },
  {
    "CountryName": "Greece",
    "Cities": [
      {
        "CityName": "Athens",
        "Locations": [
          {
            "LocationName": "Athens, Greece",
            "LocationId": "213076173"
          },
          {
            "LocationName": "Acropolis of Athens",
            "LocationId": "833907121"
          },
          {
            "LocationName": "Athens",
            "LocationId": ""
          }
        ]
      },
      {
        "CityName": "Thessaloníki",
        "Locations": [
          {
            "LocationName": "Thessaloníki",
            "LocationId": "118546"
          },
          {
            "LocationName": "White Tower of Thessaloniki",
            "LocationId": "214979920"
          },
          {
            "LocationName": "Aristotelous Square",
            "LocationId": "293034296"
          }
        ]
      },
      {
        "CityName": "Kopanás",
        "Locations": [
          {
            "LocationName": "Acropolis Museum - Μουσείο Ακρόπολης",
            "LocationId": "180416"
          },
          {
            "LocationName": "National Garden, Athens",
            "LocationId": "219928530"
          },
          {
            "LocationName": "Panathenaic Stadium",
            "LocationId": "213671400"
          }
        ]
      }
    ]
  },
  {
    "CountryName": "Belgium",
    "Cities": [
      {
        "CityName": "Centrumwijk",
        "Locations": [
          {
            "LocationName": "City of Brussels",
            "LocationId": "215165561"
          },
          {
            "LocationName": "visit.brussels",
            "LocationId": "213088813"
          },
          {
            "LocationName": "Grand Palace",
            "LocationId": ""
          }
        ]
      },
      {
        "CityName": "Brugge",
        "Locations": [
          {
            "LocationName": "Brugge, Belgium",
            "LocationId": "213804825"
          },
          {
            "LocationName": "Bruges, Belgium",
            "LocationId": ""
          },
          {
            "LocationName": "Bruges,belgium",
            "LocationId": ""
          }
        ]
      },
      {
        "CityName": "Schipperskwartier",
        "Locations": [
          {
            "LocationName": "Antwerpen, Belgium",
            "LocationId": ""
          },
          {
            "LocationName": "MAS | Museum aan de Stroom",
            "LocationId": "919359"
          },
          {
            "LocationName": "Grote Markt Antwerpen",
            "LocationId": "499233"
          }
        ]
      }
    ]
  },
  {
    "CountryName": "Romania",
    "Cities": [
      {
        "CityName": "Bucharest",
        "Locations": [
          {
            "LocationName": "Bucharest, Romania",
            "LocationId": ""
          },
          {
            "LocationName": "București",
            "LocationId": ""
          },
          {
            "LocationName": "Piața Unirii",
            "LocationId": "498456079"
          }
        ]
      },
      {
        "CityName": "Cluj-Napoca",
        "Locations": [
          {
            "LocationName": "Cluj-Napoca",
            "LocationId": "5451732"
          },
          {
            "LocationName": "UNTOLD",
            "LocationId": "945079343"
          },
          {
            "LocationName": "Cluj County",
            "LocationId": "312061906"
          }
        ]
      },
      {
        "CityName": "Ghencea",
        "Locations": [
          {
            "LocationName": "Calea Victoriei",
            "LocationId": "46678593"
          },
          {
            "LocationName": "Bucureşti",
            "LocationId": ""
          },
          {
            "LocationName": "Bucureşti",
            "LocationId": "3624818"
          }
        ]
      }
    ]
  },
  {
    "CountryName": "Singapore",
    "Cities": [
      {
        "CityName": "City",
        "Locations": [
          {
            "LocationName": "ArtScience Museum",
            "LocationId": "3003443"
          },
          {
            "LocationName": "National Gallery Singapore",
            "LocationId": "367732531"
          },
          {
            "LocationName": "Changi Airport",
            "LocationId": "19155781"
          }
        ]
      },
      {
        "CityName": "Outram",
        "Locations": [
          {
            "LocationName": "Chinatown",
            "LocationId": "228367166"
          },
          {
            "LocationName": "Lau Pa Sat",
            "LocationId": "856580"
          },
          {
            "LocationName": "Chinatown Singapore 牛车水",
            "LocationId": ""
          }
        ]
      },
      {
        "CityName": "Singapore",
        "Locations": [
          {
            "LocationName": "Singapore",
            "LocationId": ""
          },
          {
            "LocationName": "Singapore / Singapura / 新加坡 / சிங்கப்பூர்",
            "LocationId": ""
          },
          {
            "LocationName": "Singapore Flyer",
            "LocationId": "629455"
          }
        ]
      }
    ]
  },
  {
    "CountryName": "Switzerland",
    "Cities": [
      {
        "CityName": "Zürich",
        "Locations": [
          {
            "LocationName": "Zürich, Switzerland",
            "LocationId": "214122044"
          },
          {
            "LocationName": "Zürich",
            "LocationId": ""
          },
          {
            "LocationName": "Texas,US",
            "LocationId": "753791663"
          }
        ]
      },
      {
        "CityName": "Geneva",
        "Locations": [
          {
            "LocationName": "Geneva, Switzerland",
            "LocationId": "213855317"
          },
          {
            "LocationName": "Genève, Switzerland",
            "LocationId": "776734548"
          },
          {
            "LocationName": "Jet d'eau Genève",
            "LocationId": "137107627"
          }
        ]
      },
      {
        "CityName": "Oberdorf",
        "Locations": [
          {
            "LocationName": "Zurich ,Switrzaland.",
            "LocationId": "785605325"
          },
          {
            "LocationName": "Canton of Zürich",
            "LocationId": "237239380"
          },
          {
            "LocationName": "Zürichsee",
            "LocationId": "10024198"
          }
        ]
      }
    ]
  },
  {
    "CountryName": "Denmark",
    "Cities": [
      {
        "CityName": "Copenhagen",
        "Locations": [
          {
            "LocationName": "Copenhagen",
            "LocationId": "7538318"
          },
          {
            "LocationName": "Copenhagen, Denmark",
            "LocationId": "118001404"
          },
          {
            "LocationName": "Tivoli",
            "LocationId": "118314"
          }
        ]
      },
      {
        "CityName": "Vesterbro",
        "Locations": [
          {
            "LocationName": "Vesterbro, Copenhagen",
            "LocationId": "218085806"
          },
          {
            "LocationName": "VEGA",
            "LocationId": "1871223"
          },
          {
            "LocationName": "Tivoli Hotel & Congress Center",
            "LocationId": "152281"
          }
        ]
      },
      {
        "CityName": "Frederiksberg",
        "Locations": [
          {
            "LocationName": "Frederiksberg, Frederiksberg, Denmark",
            "LocationId": "213046475"
          },
          {
            "LocationName": "Frederiksberg Gardens",
            "LocationId": "241989870"
          },
          {
            "LocationName": "Frederiksberg Have",
            "LocationId": ""
          }
        ]
      }
    ]
  },
  {
    "CountryName": "Norway",
    "Cities": [
      {
        "CityName": "Oslo",
        "Locations": [
          {
            "LocationName": "Oslo, Norway",
            "LocationId": "213211804"
          },
          {
            "LocationName": "Oslo Opera House",
            "LocationId": "214184587"
          },
          {
            "LocationName": "Oslo Norway",
            "LocationId": ""
          }
        ]
      },
      {
        "CityName": "Vika",
        "Locations": [
          {
            "LocationName": "Oslo",
            "LocationId": "734509026"
          },
          {
            "LocationName": "Norwegian Royal Palace",
            "LocationId": "397634240"
          },
          {
            "LocationName": "Frogner",
            "LocationId": "360353189"
          }
        ]
      },
      {
        "CityName": "Christiania",
        "Locations": [
          {
            "LocationName": "Oslo Spektrum Arena",
            "LocationId": "220533760"
          },
          {
            "LocationName": "BLÅ",
            "LocationId": "40681"
          },
          {
            "LocationName": "Rockefeller / John Dee / Sentrum Scene",
            "LocationId": "218192636"
          }
        ]
      }
    ]
  },
  {
    "CountryName": "Hong Kong",
    "Cities": [
      {
        "CityName": "MorrisonHill",
        "Locations": [
          {
            "LocationName": "Hong Kong Convention and Exhibition Centre",
            "LocationId": "237673487"
          },
          {
            "LocationName": "Grand Hyatt Hong Kong",
            "LocationId": "214356763"
          },
          {
            "LocationName": "Wan Chai District",
            "LocationId": "337250781"
          }
        ]
      },
      {
        "CityName": "HongKong",
        "Locations": [
          {
            "LocationName": "Hong Kong",
            "LocationId": "214424288"
          },
          {
            "LocationName": "Stay At Home",
            "LocationId": ""
          },
          {
            "LocationName": "Hong Kong",
            "LocationId": ""
          }
        ]
      },
      {
        "CityName": "TsimShaTsui",
        "Locations": [
          {
            "LocationName": "K11 Musea",
            "LocationId": ""
          },
          {
            "LocationName": "Tsim Sha Tsui",
            "LocationId": "580644899"
          },
          {
            "LocationName": "維多利亞港 Victoria Harbour",
            "LocationId": "224087915"
          }
        ]
      }
    ]
  },
  {
    "CountryName": "Austria",
    "Cities": [
      {
        "CityName": "Naschmarkt",
        "Locations": [
          {
            "LocationName": "MQ – MuseumsQuartier Wien",
            "LocationId": "213046277"
          },
          {
            "LocationName": "Mariahilferstraße",
            "LocationId": "60279209"
          },
          {
            "LocationName": "Leopold Museum",
            "LocationId": "224641011"
          }
        ]
      },
      {
        "CityName": "Wien",
        "Locations": [
          {
            "LocationName": "Vienna, Austria",
            "LocationId": "63134088"
          },
          {
            "LocationName": "Wien, Österreich",
            "LocationId": ""
          },
          {
            "LocationName": "Vienna",
            "LocationId": "215720225"
          }
        ]
      },
      {
        "CityName": "InnereStadt",
        "Locations": [
          {
            "LocationName": "Wien, Vienna, Austria",
            "LocationId": "612026298"
          },
          {
            "LocationName": "Universität Wien",
            "LocationId": "68512"
          },
          {
            "LocationName": "Votivkirche",
            "LocationId": "1212555"
          }
        ]
      }
    ]
  },
  {
    "CountryName": "Portugal",
    "Cities": [
      {
        "CityName": "CoraçãodeJesus",
        "Locations": [
          {
            "LocationName": "LISBOA - LISBON",
            "LocationId": "447194974"
          },
          {
            "LocationName": "Praça do Marquês de Pombal",
            "LocationId": "695925106"
          },
          {
            "LocationName": "SEEN Lisboa",
            "LocationId": ""
          }
        ]
      },
      {
        "CityName": "Sé",
        "Locations": [
          {
            "LocationName": "Estação Ferroviária de Porto - São Bento",
            "LocationId": "238875023"
          },
          {
            "LocationName": "Porto, Portugal",
            "LocationId": ""
          },
          {
            "LocationName": "São Bento railway station",
            "LocationId": "217109013"
          }
        ]
      },
      {
        "CityName": "Setúbal",
        "Locations": [
          {
            "LocationName": "Setúbal",
            "LocationId": "3944895"
          },
          {
            "LocationName": "Setúbal District",
            "LocationId": "908792432"
          },
          {
            "LocationName": "Setúbal, Portugal",
            "LocationId": ""
          }
        ]
      }
    ]
  },
  {
    "CountryName": "Ecuador",
    "Cities": [
      {
        "CityName": "MariscalSucre",
        "Locations": [
          {
            "LocationName": "Ilhéus-BA",
            "LocationId": ""
          },
          {
            "LocationName": "Teresina -Piauí",
            "LocationId": ""
          },
          {
            "LocationName": "Nova Viçosa - Bahia",
            "LocationId": ""
          }
        ]
      },
      {
        "CityName": "SanPichincha",
        "Locations": [
          {
            "LocationName": "Animal Friend",
            "LocationId": ""
          },
          {
            "LocationName": "COLD",
            "LocationId": ""
          },
          {
            "LocationName": "BuenaFe, Los Rios",
            "LocationId": "429832360"
          }
        ]
      },
      {
        "CityName": "CuatroHermanas",
        "Locations": [
          {
            "LocationName": "Taurus Fitness Company",
            "LocationId": ""
          },
          {
            "LocationName": "Riobamba La Ciudad Bonita",
            "LocationId": "242129248"
          },
          {
            "LocationName": "Rossy Moskera Ceibos",
            "LocationId": "714830317"
          }
        ]
      }
    ]
  },
  {
    "CountryName": "Morocco",
    "Cities": [
      {
        "CityName": "Casablanca",
        "Locations": [
          {
            "LocationName": "Casablanca, Morocco",
            "LocationId": "217631504"
          },
          {
            "LocationName": "Casablanca الدار البيضاء",
            "LocationId": ""
          },
          {
            "LocationName": "Maarif, Casablanca",
            "LocationId": "258861198"
          }
        ]
      },
      {
        "CityName": "Marrakesh",
        "Locations": [
          {
            "LocationName": "Marrakech",
            "LocationId": "213252870"
          },
          {
            "LocationName": "Marrakech-Moroco ღ",
            "LocationId": "449452310"
          },
          {
            "LocationName": "Marrakech, Morocco",
            "LocationId": ""
          }
        ]
      },
      {
        "CityName": "VilleNouvelle",
        "Locations": [
          {
            "LocationName": "Marina D'agadir",
            "LocationId": "1024457332"
          },
          {
            "LocationName": "Agadir Maroc",
            "LocationId": ""
          },
          {
            "LocationName": "Agadir Oufella",
            "LocationId": "711825836"
          }
        ]
      }
    ]
  },
  {
    "CountryName": "United Arab Emirates",
    "Cities": [
      {
        "CityName": "Yasmeen",
        "Locations": [
          {
            "LocationName": "Sharjah United Arab Emirates",
            "LocationId": ""
          },
          {
            "LocationName": "The Beach, JBR",
            "LocationId": "246282407"
          },
          {
            "LocationName": "Al saja (industrial area- sharjah)",
            "LocationId": "645651022"
          }
        ]
      },
      {
        "CityName": "Dubai",
        "Locations": [
          {
            "LocationName": "Dubai, United Arab Emirates",
            "LocationId": "213281320"
          },
          {
            "LocationName": "Dubai, United Arab Emiratesدبي",
            "LocationId": ""
          },
          {
            "LocationName": "Burj Khalifa By Emaar",
            "LocationId": "217595490"
          }
        ]
      },
      {
        "CityName": "Deira",
        "Locations": [
          {
            "LocationName": "Dubai UAE",
            "LocationId": ""
          },
          {
            "LocationName": "Dubai United Arab Emirates",
            "LocationId": ""
          },
          {
            "LocationName": "Dubai",
            "LocationId": "687457010"
          }
        ]
      }
    ]
  },
  {
    "CountryName": "Saudi Arabia",
    "Cities": [
      {
        "CityName": "Al`Ulayya",
        "Locations": [
          {
            "LocationName": "هدايا الرياض",
            "LocationId": ""
          },
          {
            "LocationName": "KSA",
            "LocationId": ""
          },
          {
            "LocationName": "الرياض السعوديه",
            "LocationId": "296397297"
          }
        ]
      },
      {
        "CityName": "AlBalad",
        "Locations": [
          {
            "LocationName": "Al Balad, Makkah, Saudi Arabia",
            "LocationId": "237792699"
          },
          {
            "LocationName": "Explorer",
            "LocationId": ""
          },
          {
            "LocationName": "السعودية",
            "LocationId": ""
          }
        ]
      },
      {
        "CityName": "Lathrippa",
        "Locations": [
          {
            "LocationName": "Medina, Saudi Arabia",
            "LocationId": "214492724"
          },
          {
            "LocationName": "Al Masjid an Nabawiالمسجد النبويMadina Munawarah المدينة المنورة",
            "LocationId": ""
          },
          {
            "LocationName": "Al-Masjid Al-Nabawi Madinah Munawwarah",
            "LocationId": "517609826"
          }
        ]
      }
    ]
  },
  {
    "CountryName": "China",
    "Cities": [
      {
        "CityName": "Kungpei",
        "Locations": [
          {
            "LocationName": "Ruins of St. Paul's",
            "LocationId": "213541400"
          },
          {
            "LocationName": "大三巴 Ruins Of St Paul's",
            "LocationId": "245978216"
          },
          {
            "LocationName": "大三巴牌坊",
            "LocationId": "299006966"
          }
        ]
      },
      {
        "CityName": "Kouangchou",
        "Locations": [
          {
            "LocationName": "Guangzhou, China",
            "LocationId": "215040757"
          },
          {
            "LocationName": "中國廣州 China Guangzhou",
            "LocationId": "399700921"
          },
          {
            "LocationName": "China",
            "LocationId": ""
          }
        ]
      },
      {
        "CityName": "Shanghai",
        "Locations": [
          {
            "LocationName": "Shanghai, China",
            "LocationId": ""
          },
          {
            "LocationName": "上海当代艺术博物馆 Powerstation of Art",
            "LocationId": "1029107272"
          },
          {
            "LocationName": "藝倉美術館 Modern Art Museum, Shanghai",
            "LocationId": ""
          }
        ]
      }
    ]
  },
  {
    "CountryName": "Ireland",
    "Cities": [
      {
        "CityName": "BaileÁthaCliath",
        "Locations": [
          {
            "LocationName": "Temple Bar",
            "LocationId": "1164993"
          },
          {
            "LocationName": "The Temple Bar Pub",
            "LocationId": "422495"
          },
          {
            "LocationName": "St Stephen's Green",
            "LocationId": "336830595"
          }
        ]
      },
      {
        "CityName": "Dublin",
        "Locations": [
          {
            "LocationName": "Dublin, Ireland",
            "LocationId": "73347620"
          },
          {
            "LocationName": "Dublin, Ireland",
            "LocationId": ""
          },
          {
            "LocationName": "Spire of Dublin",
            "LocationId": "213050549"
          }
        ]
      },
      {
        "CityName": "MountjoyWard",
        "Locations": [
          {
            "LocationName": "Grand Canal Dock",
            "LocationId": "214251029"
          },
          {
            "LocationName": "Samuel Beckett Bridge",
            "LocationId": "338260063"
          },
          {
            "LocationName": "The Convention Centre Dublin",
            "LocationId": "270230085"
          }
        ]
      }
    ]
  },
  {
    "CountryName": "Czech Republic",
    "Cities": [
      {
        "CityName": "NoveMesto",
        "Locations": [
          {
            "LocationName": "Česká republika",
            "LocationId": "1023020350"
          },
          {
            "LocationName": "Václavské Náměstí",
            "LocationId": ""
          },
          {
            "LocationName": "Národní muzeum",
            "LocationId": ""
          }
        ]
      },
      {
        "CityName": "Prague",
        "Locations": [
          {
            "LocationName": "Prague, Czech Republic",
            "LocationId": ""
          },
          {
            "LocationName": "Praha City ❤",
            "LocationId": "241257158"
          },
          {
            "LocationName": "Home Sweet Home",
            "LocationId": "355225016"
          }
        ]
      },
      {
        "CityName": "Brno",
        "Locations": [
          {
            "LocationName": "Brno, Czech Republic",
            "LocationId": "213262221"
          },
          {
            "LocationName": "Špilberk Castle",
            "LocationId": "894108237"
          },
          {
            "LocationName": "Vila Tugendhat - Muzeum města Brna",
            "LocationId": "214166082"
          }
        ]
      }
    ]
  },
  {
    "CountryName": "Hungary",
    "Cities": [
      {
        "CityName": "BudapestV.kerület",
        "Locations": [
          {
            "LocationName": "Parlamento Budapest",
            "LocationId": "396077503"
          },
          {
            "LocationName": "St. Stephen's Basilica",
            "LocationId": "147809388"
          },
          {
            "LocationName": "Budapest, Hangary",
            "LocationId": ""
          }
        ]
      },
      {
        "CityName": "Vár",
        "Locations": [
          {
            "LocationName": "Westend Shopping Center",
            "LocationId": "140091"
          },
          {
            "LocationName": "Margitsziget",
            "LocationId": "83533095"
          },
          {
            "LocationName": "Margaret Bridge",
            "LocationId": "213626883"
          }
        ]
      },
      {
        "CityName": "BudapestVI.kerület",
        "Locations": [
          {
            "LocationName": "Budapest, Hugary",
            "LocationId": "588895974"
          },
          {
            "LocationName": "Operaház",
            "LocationId": "215933830"
          },
          {
            "LocationName": "360 Bar",
            "LocationId": "289738014"
          }
        ]
      }
    ]
  },
  {
    "CountryName": "Cambodia",
    "Cities": [
      {
        "CityName": "TuolTumpung",
        "Locations": [
          {
            "LocationName": "Phnom Penh",
            "LocationId": "214960573"
          },
          {
            "LocationName": "Like& Comment",
            "LocationId": ""
          },
          {
            "LocationName": "Nature World",
            "LocationId": ""
          }
        ]
      },
      {
        "CityName": "PhumiChongThnal",
        "Locations": [
          {
            "LocationName": "Sad-Life",
            "LocationId": ""
          },
          {
            "LocationName": "RUPP - Royal University of Phnom Penh",
            "LocationId": "225235076"
          },
          {
            "LocationName": "Life Awesome",
            "LocationId": ""
          }
        ]
      },
      {
        "CityName": "VatTukLaâk",
        "Locations": [
          {
            "LocationName": "Phnom Penh City • ទីក្រុងភ្នំពេញ",
            "LocationId": ""
          },
          {
            "LocationName": "Rosewood Phnom Penh",
            "LocationId": ""
          },
          {
            "LocationName": "Emesun Electronics",
            "LocationId": "213141737"
          }
        ]
      }
    ]
  },
  {
    "CountryName": "Algeria",
    "Cities": [
      {
        "CityName": "Algiers",
        "Locations": [
          {
            "LocationName": "Algiers, Algeria",
            "LocationId": "219370504"
          },
          {
            "LocationName": "Alger Centre - الجزائر الوسطى",
            "LocationId": ""
          },
          {
            "LocationName": "Alger",
            "LocationId": "788919059"
          }
        ]
      },
      {
        "CityName": "EugèneÉtienne",
        "Locations": [
          {
            "LocationName": "Oran 31 وهران",
            "LocationId": ""
          },
          {
            "LocationName": "Place d'Armes, Oran",
            "LocationId": "523169941"
          },
          {
            "LocationName": "Cathédrale du Sacré-Cœur d'Oran",
            "LocationId": "1025119970"
          }
        ]
      },
      {
        "CityName": "Sétif",
        "Locations": [
          {
            "LocationName": "Sétif",
            "LocationId": "271671167"
          },
          {
            "LocationName": "Sétif Province",
            "LocationId": "748957104"
          },
          {
            "LocationName": "Setif Park Mall Four Points by Sheraton Setif",
            "LocationId": ""
          }
        ]
      }
    ]
  },
  {
    "CountryName": "Finland",
    "Cities": [
      {
        "CityName": "Turku",
        "Locations": [
          {
            "LocationName": "Turku, Finland",
            "LocationId": "214594169"
          },
          {
            "LocationName": "Turku, Finland",
            "LocationId": ""
          },
          {
            "LocationName": "Aurajoen ranta",
            "LocationId": "14779873"
          }
        ]
      },
      {
        "CityName": "Helsinki",
        "Locations": [
          {
            "LocationName": "Helsinki",
            "LocationId": "736780008"
          },
          {
            "LocationName": "Helsinki, Finland",
            "LocationId": ""
          },
          {
            "LocationName": "Helsinki, Finland",
            "LocationId": ""
          }
        ]
      },
      {
        "CityName": "Etu-Töölö",
        "Locations": [
          {
            "LocationName": "HAM",
            "LocationId": "971803702"
          },
          {
            "LocationName": "Finnkino Tennispalatsi",
            "LocationId": "1737944"
          },
          {
            "LocationName": "Luonnontieteellinen museo",
            "LocationId": "214301244"
          }
        ]
      }
    ]
  },
  {
    "CountryName": "Puerto Rico",
    "Cities": [
      {
        "CityName": "SanJuan",
        "Locations": [
          {
            "LocationName": "San Juan, Puerto Rico",
            "LocationId": "86420373"
          },
          {
            "LocationName": "La Placita de Santurce",
            "LocationId": "961494129"
          },
          {
            "LocationName": "La Concha Resort",
            "LocationId": "873130"
          }
        ]
      },
      {
        "CityName": "Caguas",
        "Locations": [
          {
            "LocationName": "El Pueblo, Caguas",
            "LocationId": "1034172410"
          },
          {
            "LocationName": "Universidad Ana G. Méndez, Recinto de Gurabo",
            "LocationId": ""
          },
          {
            "LocationName": "FOK Brewing Co",
            "LocationId": "929024271"
          }
        ]
      },
      {
        "CityName": "ElMorro",
        "Locations": [
          {
            "LocationName": "Old San Juan",
            "LocationId": "212921686"
          },
          {
            "LocationName": "Viejo San Juan",
            "LocationId": "61470"
          },
          {
            "LocationName": "La Perla, San Juan, Puerto Rico",
            "LocationId": "239555842"
          }
        ]
      }
    ]
  },
  {
    "CountryName": "New Zealand",
    "Cities": [
      {
        "CityName": "Auckland",
        "Locations": [
          {
            "LocationName": "Auckland, New Zealand",
            "LocationId": "212996687"
          },
          {
            "LocationName": "Auckland CBD",
            "LocationId": "226315413"
          },
          {
            "LocationName": "Sky Tower",
            "LocationId": "261510"
          }
        ]
      },
      {
        "CityName": "Wellington",
        "Locations": [
          {
            "LocationName": "Wellington, New Zealand",
            "LocationId": "214818324"
          },
          {
            "LocationName": "Cuba Street, Wellington",
            "LocationId": "525082"
          },
          {
            "LocationName": "Wellington, New Zealand",
            "LocationId": "760518257"
          }
        ]
      },
      {
        "CityName": "Claudelands",
        "Locations": [
          {
            "LocationName": "Hamilton, New Zealand",
            "LocationId": "213575668"
          },
          {
            "LocationName": "Hamilton Gardens",
            "LocationId": "243644365"
          },
          {
            "LocationName": "FMG Stadium Waikato",
            "LocationId": "763197"
          }
        ]
      }
    ]
  },
  {
    "CountryName": "Iraq",
    "Cities": [
      {
        "CityName": "AlRasafah",
        "Locations": [
          {
            "LocationName": "جامعة الاسراء - Al-Esraa University",
            "LocationId": ""
          },
          {
            "LocationName": "شارع المتنبي",
            "LocationId": "278481997"
          },
          {
            "LocationName": "شارع المتنبي",
            "LocationId": ""
          }
        ]
      },
      {
        "CityName": "Irbil",
        "Locations": [
          {
            "LocationName": "Irbil, Iraq",
            "LocationId": "214960581"
          },
          {
            "LocationName": "Erbil",
            "LocationId": "788810154"
          },
          {
            "LocationName": "Erbil",
            "LocationId": "722768565"
          }
        ]
      },
      {
        "CityName": "Sulaymaniyah",
        "Locations": [
          {
            "LocationName": "As Sulaymaniyah, Iraq",
            "LocationId": "215615110"
          },
          {
            "LocationName": "Slemani_سلێمانی",
            "LocationId": "399888206"
          },
          {
            "LocationName": "Slemani, As Sulaymaniyah, Iraq",
            "LocationId": "234577903"
          }
        ]
      }
    ]
  },
  {
    "CountryName": "Kenya",
    "Cities": [
      {
        "CityName": "CitySquare",
        "Locations": [
          {
            "LocationName": "Moi Avenue",
            "LocationId": ""
          },
          {
            "LocationName": "Nairoba, Nairobi Area, Kenya",
            "LocationId": "575594645"
          },
          {
            "LocationName": "Nacico co-op chambers",
            "LocationId": ""
          }
        ]
      },
      {
        "CityName": "Nairobi",
        "Locations": [
          {
            "LocationName": "Nairobi, Kenya",
            "LocationId": "213324785"
          },
          {
            "LocationName": "Nairobi",
            "LocationId": "578879538"
          },
          {
            "LocationName": "My Happy Place",
            "LocationId": ""
          }
        ]
      },
      {
        "CityName": "Eldoret",
        "Locations": [
          {
            "LocationName": "Eldoret",
            "LocationId": "194495027"
          },
          {
            "LocationName": "Happy place",
            "LocationId": ""
          },
          {
            "LocationName": "Eldoret Home of Champions",
            "LocationId": ""
          }
        ]
      }
    ]
  },
  {
    "CountryName": "Sri Lanka",
    "Cities": [
      {
        "CityName": "Columbo",
        "Locations": [
          {
            "LocationName": "One Galle Face",
            "LocationId": ""
          },
          {
            "LocationName": "Shangri-La Colombo",
            "LocationId": ""
          },
          {
            "LocationName": "The Kingsbury Hotel",
            "LocationId": "354610180"
          }
        ]
      },
      {
        "CityName": "Kandy",
        "Locations": [
          {
            "LocationName": "Kandy",
            "LocationId": "6742973"
          },
          {
            "LocationName": "Kandy Sri Lanka",
            "LocationId": ""
          },
          {
            "LocationName": "Sri Dalada Maligawa, Kandy",
            "LocationId": "217562060"
          }
        ]
      },
      {
        "CityName": "Colombo",
        "Locations": [
          {
            "LocationName": "Colombo, Sri Lanka",
            "LocationId": "6875546"
          },
          {
            "LocationName": "Gangaramaya Temple",
            "LocationId": "5967055"
          },
          {
            "LocationName": "Viharamahadevi Park",
            "LocationId": "229039863"
          }
        ]
      }
    ]
  },
  {
    "CountryName": "Myanmar",
    "Cities": [
      {
        "CityName": "Pazundaung",
        "Locations": [
          {
            "LocationName": "Junction City",
            "LocationId": "1003500138"
          },
          {
            "LocationName": "Sule Shangri-La, Yangon",
            "LocationId": "270832600"
          },
          {
            "LocationName": "Bogyoke Market",
            "LocationId": "236076588"
          }
        ]
      },
      {
        "CityName": "FortDufferin",
        "Locations": [
          {
            "LocationName": "Mandalay Palace",
            "LocationId": "235551134"
          },
          {
            "LocationName": "Mandalay Palace",
            "LocationId": ""
          },
          {
            "LocationName": "Jupiter Restaurant & Bar",
            "LocationId": ""
          }
        ]
      },
      {
        "CityName": "Mandalay",
        "Locations": [
          {
            "LocationName": "Mandalay",
            "LocationId": "47332085"
          },
          {
            "LocationName": "Mandalay, Myanmar",
            "LocationId": "1019264094"
          },
          {
            "LocationName": "Mobile legends bang bang",
            "LocationId": ""
          }
        ]
      }
    ]
  },
  {
    "CountryName": "Costa Rica",
    "Cities": [
      {
        "CityName": "Heredia",
        "Locations": [
          {
            "LocationName": "Heredia, Costa Rica",
            "LocationId": "219976434"
          },
          {
            "LocationName": "Heredia, Costa Rica, Ciudad de las Flores",
            "LocationId": ""
          },
          {
            "LocationName": "Universidad Nacional Costa Rica, UNA",
            "LocationId": ""
          }
        ]
      },
      {
        "CityName": "SantaLucía",
        "Locations": [
          {
            "LocationName": "Olive Garden",
            "LocationId": ""
          },
          {
            "LocationName": "Guanacaste Costa Rica",
            "LocationId": "1031181464"
          },
          {
            "LocationName": "Hospital Metropolitano Costa Rica",
            "LocationId": "22545470"
          }
        ]
      },
      {
        "CityName": "Alajuela",
        "Locations": [
          {
            "LocationName": "Alajuela",
            "LocationId": "3480074"
          },
          {
            "LocationName": "Estadio Alejandro Morera Soto",
            "LocationId": "398219649"
          },
          {
            "LocationName": "Alajuela, Costa Rica",
            "LocationId": ""
          }
        ]
      }
    ]
  },
  {
    "CountryName": "Bulgaria",
    "Cities": [
      {
        "CityName": "zhkZonaB-5-3",
        "Locations": [
          {
            "LocationName": "Sofía, Bulgaria",
            "LocationId": ""
          },
          {
            "LocationName": "Sofia , Bulgaria",
            "LocationId": ""
          },
          {
            "LocationName": "Sofia Bulgaria",
            "LocationId": "237019168"
          }
        ]
      },
      {
        "CityName": "Odessos",
        "Locations": [
          {
            "LocationName": "Cubo",
            "LocationId": "296841644"
          },
          {
            "LocationName": "Summer CULT",
            "LocationId": ""
          },
          {
            "LocationName": "Балетната Зала",
            "LocationId": "1031513790"
          }
        ]
      },
      {
        "CityName": "Sredets",
        "Locations": [
          {
            "LocationName": "Alexander Nevsky Cathedral, Sofia",
            "LocationId": "214497461"
          },
          {
            "LocationName": "НАРОДЕН ТЕАТЪР \"ИВАН ВАЗОВ\"",
            "LocationId": "217549427"
          },
          {
            "LocationName": "Vasil Levski National Stadium",
            "LocationId": "222314270"
          }
        ]
      }
    ]
  },
  {
    "CountryName": "Venezuela",
    "Cities": [
      {
        "CityName": "ElSilencio",
        "Locations": [
          {
            "LocationName": "Caracas, Venezuela",
            "LocationId": "213210723"
          },
          {
            "LocationName": "Las Mercedes Caracas, Venezuela",
            "LocationId": ""
          },
          {
            "LocationName": "Asamblea Nacional de Venezuela",
            "LocationId": ""
          }
        ]
      },
      {
        "CityName": "Barquisimeto",
        "Locations": [
          {
            "LocationName": "Barquisimeto",
            "LocationId": "216232499"
          },
          {
            "LocationName": "Venezuela Barquisimeto Lara",
            "LocationId": ""
          },
          {
            "LocationName": "En Barquisimeto Edo Lara País Venezuela..",
            "LocationId": "797706535"
          }
        ]
      },
      {
        "CityName": "LasMaracas",
        "Locations": [
          {
            "LocationName": "valencia edo carabobo",
            "LocationId": ""
          },
          {
            "LocationName": "Los Caobos - Valencia",
            "LocationId": "293574755"
          },
          {
            "LocationName": "Av. Las Ferias",
            "LocationId": "242593505"
          }
        ]
      }
    ]
  },
  {
    "CountryName": "Guatemala",
    "Cities": [
      {
        "CityName": "Aceituno",
        "Locations": [
          {
            "LocationName": "Hola",
            "LocationId": ""
          },
          {
            "LocationName": "Santa Amelia",
            "LocationId": "425155627"
          },
          {
            "LocationName": "Volcán de Acatenango",
            "LocationId": ""
          }
        ]
      },
      {
        "CityName": "GuatemalaCity",
        "Locations": [
          {
            "LocationName": "Guatemala City, Guatemala",
            "LocationId": "215186000"
          },
          {
            "LocationName": "Burger King",
            "LocationId": ""
          },
          {
            "LocationName": "Parque Zoológico Nacional La Aurora",
            "LocationId": "1034786543"
          }
        ]
      },
      {
        "CityName": "LaAurora",
        "Locations": [
          {
            "LocationName": "Oakland Place Guatemala",
            "LocationId": "537160"
          },
          {
            "LocationName": "Aeropuerto Internacional La Aurora",
            "LocationId": "243093436"
          },
          {
            "LocationName": "Hotel The Westin Camino Real Guatemala",
            "LocationId": "41699461"
          }
        ]
      }
    ]
  },
  {
    "CountryName": "Nepal",
    "Cities": [
      {
        "CityName": "Banasawar",
        "Locations": [
          {
            "LocationName": "Sweet Home!!!",
            "LocationId": ""
          },
          {
            "LocationName": "Nepal",
            "LocationId": ""
          },
          {
            "LocationName": "New Baneshwor,Kathmandu",
            "LocationId": "253991748"
          }
        ]
      },
      {
        "CityName": "Kathmandu",
        "Locations": [
          {
            "LocationName": "Kathmandu, Nepal",
            "LocationId": "215567918"
          },
          {
            "LocationName": "𝙃𝙊𝙈𝙀",
            "LocationId": ""
          },
          {
            "LocationName": "Home",
            "LocationId": ""
          }
        ]
      },
      {
        "CityName": "Pashupatinath",
        "Locations": [
          {
            "LocationName": "Tribhuvan International Airport",
            "LocationId": "267270868"
          },
          {
            "LocationName": "Pashupatinath, Nepal",
            "LocationId": "239357641"
          },
          {
            "LocationName": "Pashupatinath Temple",
            "LocationId": ""
          }
        ]
      }
    ]
  },
  {
    "CountryName": "Bolivia",
    "Cities": [
      {
        "CityName": "SantaCruzdelaSierra",
        "Locations": [
          {
            "LocationName": "Santa Cruz de la Sierra, Bolivia",
            "LocationId": "218156325"
          },
          {
            "LocationName": "Plaza 24 de septiembre",
            "LocationId": ""
          },
          {
            "LocationName": "Santa Cruz De la Sierra",
            "LocationId": ""
          }
        ]
      },
      {
        "CityName": "Cochabamba",
        "Locations": [
          {
            "LocationName": "Cochabamba, Bolivia Departamento",
            "LocationId": ""
          },
          {
            "LocationName": "Salar de Uyuni",
            "LocationId": "559792419"
          },
          {
            "LocationName": "Cochabamba",
            "LocationId": "745571721"
          }
        ]
      },
      {
        "CityName": "Chijini",
        "Locations": [
          {
            "LocationName": "La Paz, Ciudad Maravillosa",
            "LocationId": "565084525"
          },
          {
            "LocationName": "Ciudad La Paz Bolivia",
            "LocationId": ""
          },
          {
            "LocationName": "La Paz - Ciudad Maravilla",
            "LocationId": ""
          }
        ]
      }
    ]
  },
  {
    "CountryName": "Iran",
    "Cities": [
      {
        "CityName": "Tehran",
        "Locations": [
          {
            "LocationName": "Tehran, Iran",
            "LocationId": "213755156"
          },
          {
            "LocationName": "Explore اکسپلور",
            "LocationId": ""
          },
          {
            "LocationName": "Explore",
            "LocationId": ""
          }
        ]
      },
      {
        "CityName": "Tabriz",
        "Locations": [
          {
            "LocationName": "Tabriz, Iran",
            "LocationId": "216068756"
          },
          {
            "LocationName": "تبریز Tabriz",
            "LocationId": ""
          },
          {
            "LocationName": "همون جایی که دلبر خونه داره",
            "LocationId": ""
          }
        ]
      },
      {
        "CityName": "Barenj",
        "Locations": [
          {
            "LocationName": "تبریز ولیعصر شریعتی - Tabriz Valiasr Shariati",
            "LocationId": "304464525"
          },
          {
            "LocationName": "Tabriz Valiasr",
            "LocationId": "345969685"
          },
          {
            "LocationName": "Iran_Tabriz",
            "LocationId": ""
          }
        ]
      }
    ]
  },
  {
    "CountryName": "Croatia",
    "Cities": [
      {
        "CityName": "Spalato",
        "Locations": [
          {
            "LocationName": "Split, Croatia",
            "LocationId": "217365104"
          },
          {
            "LocationName": "Split, Croatia",
            "LocationId": ""
          },
          {
            "LocationName": "Diocletian's Palace",
            "LocationId": "234971414"
          }
        ]
      },
      {
        "CityName": "DonjiGrad",
        "Locations": [
          {
            "LocationName": "Zagreb",
            "LocationId": "240459211"
          },
          {
            "LocationName": "Zagreb",
            "LocationId": "124282"
          },
          {
            "LocationName": "Advent u Zagrebu",
            "LocationId": "468146613"
          }
        ]
      },
      {
        "CityName": "Zagreb",
        "Locations": [
          {
            "LocationName": "Zagreb, Croatia",
            "LocationId": "213649265"
          },
          {
            "LocationName": "Ban Jelačić Square",
            "LocationId": "250596653"
          },
          {
            "LocationName": "Zagreb Cathedral",
            "LocationId": "235606204"
          }
        ]
      }
    ]
  },
  {
    "CountryName": "Kazakhstan",
    "Cities": [
      {
        "CityName": "Alma-Ata",
        "Locations": [
          {
            "LocationName": "Alma-Ata, Almaty, Kazakhstan",
            "LocationId": "216416212"
          },
          {
            "LocationName": "Алма-Ата / Алматы / Almaty",
            "LocationId": ""
          },
          {
            "LocationName": "Almaty, Kazakhstan",
            "LocationId": "274012030"
          }
        ]
      },
      {
        "CityName": "((GornyyGigant))",
        "Locations": [
          {
            "LocationName": "Страна Любви и Счастья",
            "LocationId": "1030177680"
          },
          {
            "LocationName": "Алматы",
            "LocationId": ""
          },
          {
            "LocationName": "Там где есть ты",
            "LocationId": ""
          }
        ]
      },
      {
        "CityName": "Nur-Sultan",
        "Locations": [
          {
            "LocationName": "Nursultan, Qazaqstan",
            "LocationId": ""
          },
          {
            "LocationName": "Astana, Kazakhstan",
            "LocationId": "213709399"
          },
          {
            "LocationName": "Астана, Казахстан",
            "LocationId": "240552693"
          }
        ]
      }
    ]
  },
  {
    "CountryName": "Paraguay",
    "Cities": [
      {
        "CityName": "PresidenteStroessner",
        "Locations": [
          {
            "LocationName": "Parana Country Club",
            "LocationId": "6318816"
          },
          {
            "LocationName": "Paraguai",
            "LocationId": "430283808"
          },
          {
            "LocationName": "Shopping Paris",
            "LocationId": "1018459284"
          }
        ]
      },
      {
        "CityName": "SanLorenzo",
        "Locations": [
          {
            "LocationName": "San Lorenzo, Paraguay",
            "LocationId": "224456809"
          },
          {
            "LocationName": "Pinedo Shopping",
            "LocationId": "369916008"
          },
          {
            "LocationName": "Universidad Nacional de Asunción",
            "LocationId": ""
          }
        ]
      },
      {
        "CityName": "CiudaddelEste",
        "Locations": [
          {
            "LocationName": "Ciudad del Este",
            "LocationId": "122068395"
          },
          {
            "LocationName": "Nobile Hotel Convention",
            "LocationId": "213993067"
          },
          {
            "LocationName": "Km7 Ciudad Nueva Cde",
            "LocationId": ""
          }
        ]
      }
    ]
  },
  {
    "CountryName": "Dominican Republic",
    "Cities": [
      {
        "CityName": "SantoDomingo",
        "Locations": [
          {
            "LocationName": "Santo Domingo, Dominican Republic",
            "LocationId": "218193707"
          },
          {
            "LocationName": "República Dominicana",
            "LocationId": ""
          },
          {
            "LocationName": "Punta Cana, Republica Dominicana",
            "LocationId": ""
          }
        ]
      },
      {
        "CityName": "LaJulia",
        "Locations": [
          {
            "LocationName": "Universidad Autónoma de Santo Domingo (UASD)",
            "LocationId": "261047064"
          },
          {
            "LocationName": "Plaza Central",
            "LocationId": "897616174"
          },
          {
            "LocationName": "Sparta Lounge Bar",
            "LocationId": "1030963965"
          }
        ]
      },
      {
        "CityName": "SantiagodelosCaballeros",
        "Locations": [
          {
            "LocationName": "Santiago, Dominican Republic",
            "LocationId": "213276230"
          },
          {
            "LocationName": "Santiago De Los Caballeros, Santiago, Dominican Republic",
            "LocationId": "212948391"
          },
          {
            "LocationName": "Monumento de Santiago",
            "LocationId": "876385097"
          }
        ]
      }
    ]
  },
  {
    "CountryName": "Tunisia",
    "Cities": [
      {
        "CityName": "QuartierdeMedina",
        "Locations": [
          {
            "LocationName": "Tunis Centre Ville",
            "LocationId": "215803192"
          },
          {
            "LocationName": "Tunisia تونس Tunisie",
            "LocationId": "928049651"
          },
          {
            "LocationName": "Avenue Habib-Bourguiba",
            "LocationId": "396797341"
          }
        ]
      },
      {
        "CityName": "SfaxMedina",
        "Locations": [
          {
            "LocationName": "Sfax Medina, Sfax",
            "LocationId": ""
          },
          {
            "LocationName": "DON CAFÉ",
            "LocationId": ""
          },
          {
            "LocationName": "Stade Taïeb-Mehiri",
            "LocationId": "346842908"
          }
        ]
      },
      {
        "CityName": "Sousse",
        "Locations": [
          {
            "LocationName": "Sousse",
            "LocationId": "215104794"
          },
          {
            "LocationName": "Sousse, Tunisia",
            "LocationId": ""
          },
          {
            "LocationName": "Médina de Sousse",
            "LocationId": "875860131"
          }
        ]
      }
    ]
  },
  {
    "CountryName": "Jordan",
    "Cities": [
      {
        "CityName": "AlMudaraj",
        "Locations": [
          {
            "LocationName": "المدرج الروماني",
            "LocationId": "1014360404"
          },
          {
            "LocationName": "Roman theater",
            "LocationId": "1004030756"
          },
          {
            "LocationName": "Love Is Pain",
            "LocationId": ""
          }
        ]
      },
      {
        "CityName": "Amman",
        "Locations": [
          {
            "LocationName": "Amman, Jordan",
            "LocationId": "213847274"
          },
          {
            "LocationName": "وسط البلد-Downtown",
            "LocationId": ""
          },
          {
            "LocationName": "عمان",
            "LocationId": "789701068"
          }
        ]
      },
      {
        "CityName": "AlSwaifyeh",
        "Locations": [
          {
            "LocationName": "Swefieh Village",
            "LocationId": ""
          },
          {
            "LocationName": "Al Swaifyeh, Amman",
            "LocationId": ""
          },
          {
            "LocationName": "Avenue Mall - Jordan",
            "LocationId": "254844758"
          }
        ]
      }
    ]
  },
  {
    "CountryName": "Serbia",
    "Cities": [
      {
        "CityName": "Singidunum",
        "Locations": [
          {
            "LocationName": "Skadarlija",
            "LocationId": "217067416"
          },
          {
            "LocationName": "Tašmajdan Park",
            "LocationId": "337299755"
          },
          {
            "LocationName": "Tri šešira",
            "LocationId": "446609"
          }
        ]
      },
      {
        "CityName": "Neusatz",
        "Locations": [
          {
            "LocationName": "Novi Sad, Srbija",
            "LocationId": ""
          },
          {
            "LocationName": "Novi Sad",
            "LocationId": ""
          },
          {
            "LocationName": "BIG Novi Sad",
            "LocationId": "214398152"
          }
        ]
      },
      {
        "CityName": "Belgrade",
        "Locations": [
          {
            "LocationName": "Belgrade, Serbia",
            "LocationId": ""
          },
          {
            "LocationName": "Kalemegdan",
            "LocationId": "213409239"
          },
          {
            "LocationName": "Knez Mihailova",
            "LocationId": "213605868"
          }
        ]
      }
    ]
  }
]